task_completion_rate,avg_task_time_hours,feedback_rating,attendance_rate,punctuality_score,problem_solving_rating,team_collaboration_score,training_completion_pct,deadline_adherence_ratio,performance_score,outcome_label
0.7911,1.55,2.81,0.7303,5.83,3.04,1.15,1.0,0.125,0.5656,Average
0.8649,6.59,2.05,0.8293,7.8,1.0,9.43,0.6676,0.9333,0.7025,Excel
0.5294,12.4,3.78,0.6265,7.17,3.04,5.49,0.8013,0.5833,0.5924,Average
0.7667,6.87,2.63,1.0,5.01,2.19,4.24,1.0,0.7647,0.6948,Excel
0.6015,6.09,3.33,0.6258,5.68,2.53,7.72,0.6419,0.4286,0.5427,Average
0.8502,11.89,3.37,0.7112,1.8,3.07,5.35,1.0,0.7647,0.689,Excel
0.6058,1.0,3.45,0.8191,7.44,4.84,6.98,0.7736,0.4286,0.7259,Excel
0.754,7.01,2.49,0.7652,5.52,1.79,3.65,0.9674,0.3333,0.6167,Average
0.5137,7.54,3.41,0.8724,8.18,3.38,6.85,0.9773,0.0,0.5724,Average
0.6646,7.19,4.79,0.9229,7.43,2.08,4.08,0.6555,0.0,0.6114,Average
0.5722,11.4,1.77,0.5657,7.08,2.22,4.44,0.3331,0.4375,0.4496,Struggle
0.9147,7.97,1.53,0.6985,6.16,2.12,4.63,0.7235,0.3571,0.5872,Average
0.764,11.97,3.31,0.9046,5.92,1.75,5.09,0.749,0.0,0.6117,Average
0.6666,6.78,3.97,0.9465,6.54,4.02,7.12,0.9159,0.0,0.6693,Average
0.791,9.44,3.76,0.9207,7.97,3.82,3.7,0.5786,0.0769,0.6962,Excel
0.3856,6.24,3.27,0.9656,6.05,2.62,7.17,0.8063,0.625,0.628,Average
0.3437,8.75,3.31,0.7071,2.82,2.93,9.08,0.7692,0.3333,0.4984,Struggle
0.6792,7.88,4.87,0.6916,7.89,3.65,6.61,0.9031,0.4118,0.7098,Excel
0.8634,8.85,3.2,0.6372,5.2,1.41,5.88,0.6834,0.9167,0.651,Average
0.7141,4.86,2.48,0.6355,5.55,3.41,7.65,0.7091,0.6364,0.6474,Average
0.5022,10.61,3.99,0.771,5.53,3.0,2.03,0.705,0.3636,0.556,Average
0.5422,9.58,3.93,0.9257,7.81,2.99,5.25,0.9868,1.0,0.6789,Average
0.6101,8.44,2.01,0.7908,8.32,4.44,7.5,0.9616,0.2857,0.6171,Average
0.6407,9.92,1.87,0.7981,8.83,4.58,5.63,0.6245,0.2727,0.5946,Average
0.5646,14.24,1.72,0.7719,8.46,1.24,8.33,1.0,0.8,0.5788,Average
0.9326,6.68,3.27,0.7344,9.12,4.42,6.22,1.0,0.0,0.7058,Excel
0.478,9.64,3.46,0.7842,5.39,3.04,5.99,1.0,0.125,0.5386,Average
0.7439,3.91,2.61,0.8668,6.29,4.56,6.85,1.0,0.5,0.6915,Excel
0.9089,9.46,2.74,0.8635,6.4,3.23,3.95,0.9833,0.3077,0.6251,Average
0.6059,5.57,3.34,0.6488,9.12,3.11,6.36,1.0,0.3077,0.6067,Average
0.9669,7.97,4.11,0.5488,5.43,3.47,7.39,0.7349,0.5333,0.685,Excel
0.7256,12.18,4.46,0.852,6.03,2.97,8.36,0.4,1.0,0.786,Excel
0.9094,8.41,5.0,0.7156,9.77,3.47,6.35,0.6381,0.3571,0.7405,Excel
0.6026,7.95,2.98,1.0,2.33,2.84,9.9,0.8528,0.375,0.6133,Average
0.6866,6.98,2.43,0.6777,8.25,2.24,5.48,0.942,0.4286,0.6052,Average
0.8049,7.3,2.63,0.6109,4.9,3.66,6.96,0.6214,0.7857,0.6736,Average
0.9271,9.09,3.89,0.8971,6.46,1.01,8.59,0.7472,1.0,0.7862,Excel
0.789,5.87,3.73,0.953,8.18,2.7,4.91,0.7123,0.5385,0.7463,Excel
0.7309,10.6,3.64,0.7884,6.44,4.62,9.45,0.5927,0.125,0.6733,Average
0.6432,10.2,4.91,0.7342,6.84,1.82,5.54,0.5201,0.0,0.572,Average
0.604,4.35,3.74,1.0,5.25,3.64,6.89,0.6471,0.8667,0.7277,Excel
0.9451,7.22,1.92,0.8548,5.69,2.68,9.37,0.5388,0.7778,0.713,Excel
0.8566,5.62,4.15,0.9527,6.31,2.41,6.54,0.8215,0.2857,0.7034,Excel
0.4986,8.26,1.16,0.8596,4.28,5.0,6.09,0.5167,0.6,0.5647,Average
0.9235,8.12,2.84,0.6954,8.13,3.22,4.82,0.7505,1.0,0.7732,Excel
0.3767,7.96,2.79,0.8797,6.92,2.79,5.86,0.6433,0.5882,0.5974,Average
0.5151,8.52,3.05,0.8081,9.38,3.03,6.66,0.7392,0.8182,0.6465,Average
0.8549,7.14,3.4,0.8191,7.9,3.2,5.95,0.5898,1.0,0.7433,Excel
0.6931,8.27,2.58,0.8219,6.79,3.57,3.67,0.7543,0.5,0.6153,Average
1.0,6.16,1.99,0.6205,7.57,3.0,4.4,0.4082,0.4545,0.6063,Average
0.7429,5.02,4.82,0.858,4.65,3.45,7.65,0.8938,0.8,0.7926,Excel
0.5115,6.29,3.6,0.8317,6.14,2.69,6.97,1.0,0.3,0.5834,Average
0.3722,10.42,2.48,0.9911,9.6,3.39,2.51,0.4541,0.0667,0.4486,Struggle
0.558,8.75,4.63,0.852,2.5,3.93,7.48,0.6253,0.4,0.5848,Average
0.7037,11.45,2.89,0.6791,7.3,3.1,6.93,0.6105,0.5833,0.6459,Average
0.7369,13.65,4.5,0.6741,7.48,1.7,4.42,0.7003,1.0,0.6891,Excel
0.5524,4.36,4.99,0.8212,6.92,2.77,5.04,0.8547,0.5882,0.7061,Excel
0.9492,1.65,3.4,0.7754,6.5,4.8,4.97,0.8493,0.25,0.744,Excel
0.6453,9.13,1.82,0.7815,5.72,3.97,4.85,0.9332,1.0,0.6558,Average
0.5485,9.42,4.47,1.0,4.63,2.44,7.76,0.9581,0.2143,0.6188,Average
0.5303,7.06,4.29,0.8701,7.73,2.93,6.99,0.7213,0.25,0.6284,Average
0.9393,7.68,2.5,0.8952,9.17,3.28,9.06,1.0,0.2857,0.7149,Excel
0.8721,16.13,4.53,0.7664,5.13,3.4,7.49,0.6052,0.75,0.7317,Excel
0.8545,10.26,3.73,0.8575,8.21,3.93,5.85,0.9172,0.4706,0.7742,Excel
0.6289,14.92,4.09,0.6497,5.22,2.43,4.69,0.9386,0.0588,0.538,Average
0.6653,8.33,2.24,0.9115,5.33,4.8,8.58,0.6382,0.3,0.6401,Average
0.4991,7.64,2.85,0.7432,7.41,3.08,6.22,0.825,0.1,0.533,Average
0.6448,6.82,3.92,0.6559,7.95,1.28,5.63,0.7217,0.4706,0.5737,Average
0.5465,11.94,1.95,0.8696,10.0,2.98,6.79,1.0,0.1429,0.589,Average
0.938,15.59,3.01,0.9237,4.55,3.85,4.54,0.7862,0.3125,0.6195,Average
0.8055,7.48,2.71,0.8402,5.55,4.39,8.63,0.6687,1.0,0.7625,Excel
0.5511,4.25,1.96,0.7915,5.23,3.5,10.0,0.8012,0.5333,0.6391,Average
0.8876,5.54,4.09,0.6148,9.7,3.16,5.97,0.6569,0.4,0.7277,Excel
0.5728,6.29,3.56,0.8727,6.72,1.99,6.34,0.623,0.7778,0.6283,Average
0.7637,8.87,3.48,0.9241,8.01,2.48,4.07,0.8853,0.7,0.6674,Average
0.3354,7.32,3.32,0.5997,4.94,3.39,2.48,0.7247,0.6429,0.5253,Average
1.0,8.41,2.13,0.6191,5.19,2.4,2.4,1.0,0.8333,0.6657,Average
0.8205,11.7,3.71,0.8592,5.69,4.36,7.83,0.9648,0.0,0.6972,Excel
0.4645,11.22,3.49,0.7901,6.32,1.93,4.06,0.331,0.5556,0.535,Average
0.7903,7.83,3.68,0.8655,8.46,5.0,5.48,0.742,0.625,0.7607,Excel
0.7574,6.58,1.54,0.7729,6.33,4.14,10.0,0.3678,0.1667,0.6379,Average
1.0,9.24,1.66,0.7892,8.29,2.26,9.77,0.6134,0.2308,0.6441,Average
0.4255,1.0,3.3,0.6608,8.19,1.61,5.92,0.5975,0.6667,0.6181,Average
0.3269,5.97,5.0,0.7511,6.94,3.43,3.54,0.5115,0.1,0.5593,Average
0.6295,5.41,4.43,0.6937,5.64,3.39,8.62,0.7592,0.1538,0.6452,Average
1.0,8.73,3.96,0.8579,6.98,3.2,6.87,0.5277,0.0,0.7406,Excel
0.6123,6.26,3.21,0.6821,6.32,3.22,7.89,0.8627,0.4444,0.6018,Average
0.6835,3.83,3.62,0.6892,5.03,4.72,6.78,0.9326,0.2,0.64,Average
0.5017,9.48,3.73,0.9042,7.68,4.24,4.97,1.0,0.1111,0.6069,Average
0.5468,9.36,4.17,0.6533,6.7,2.42,5.45,0.9574,0.625,0.6122,Average
0.639,15.08,2.98,1.0,5.75,2.98,8.72,0.5211,0.8125,0.6726,Average
0.8565,6.27,4.21,0.9518,5.17,1.91,7.97,0.6398,0.1667,0.696,Excel
0.7751,8.22,4.02,1.0,4.86,4.52,7.43,0.5893,0.2222,0.7138,Excel
0.4446,10.74,4.02,0.6128,5.54,2.81,4.26,0.6799,0.6667,0.5481,Average
0.9643,7.52,2.07,0.6789,8.18,3.11,6.5,0.6962,0.4545,0.683,Excel
0.6157,6.04,3.42,0.9579,7.21,2.9,4.22,0.7987,0.4667,0.629,Average
0.5839,4.43,3.62,0.8518,5.02,2.72,5.48,0.8937,0.9333,0.7249,Excel
0.6712,5.47,2.92,0.6724,7.68,1.83,3.67,0.8015,0.4545,0.5675,Average
0.4556,13.04,3.06,0.6692,5.94,2.87,4.15,0.9089,0.0833,0.4665,Struggle
0.9127,6.64,2.69,0.8091,6.77,1.95,6.25,0.676,0.9286,0.6814,Excel
0.8045,12.62,2.63,1.0,4.78,3.14,5.61,0.7466,1.0,0.7228,Excel
0.8858,13.76,2.76,0.8934,5.97,4.74,7.92,0.4961,0.2222,0.672,Average
1.0,14.1,2.87,0.7926,9.04,4.98,8.08,0.4765,0.0,0.7379,Excel
0.4869,5.4,4.08,0.6101,7.58,4.18,4.85,0.7597,0.6471,0.6516,Average
0.5057,12.87,3.56,0.8274,6.94,3.61,8.69,1.0,1.0,0.7251,Excel
0.3411,8.15,4.89,1.0,6.59,3.75,7.93,0.5032,0.0,0.5682,Average
0.6618,9.82,2.83,0.7798,8.11,3.84,5.57,0.646,0.5333,0.6606,Average
0.7588,11.5,2.59,1.0,7.81,2.96,5.55,1.0,0.0,0.6112,Average
0.5056,8.7,3.08,0.8174,5.57,3.27,6.59,0.5248,0.2222,0.5365,Average
0.3986,11.33,3.01,0.5013,8.99,2.83,4.53,0.8494,0.0,0.4708,Struggle
0.5579,7.57,4.73,0.6939,8.21,3.25,7.85,0.6648,0.625,0.6884,Excel
0.8644,6.86,2.74,0.7195,9.7,1.44,5.03,0.4595,0.125,0.6055,Average
0.6806,5.07,3.36,0.8239,4.94,3.15,4.81,0.8494,0.4,0.6235,Average
0.7618,4.63,1.93,0.8276,7.36,3.22,7.14,0.6506,0.0,0.6114,Average
0.6804,11.19,5.0,0.7924,4.49,3.99,6.32,0.986,0.1667,0.6684,Average
0.7821,8.27,4.11,0.5956,10.0,2.37,7.35,1.0,0.4375,0.6787,Average
0.6903,10.17,2.73,0.748,4.86,2.66,4.53,1.0,0.1538,0.5226,Average
0.5856,9.09,5.0,0.5731,4.12,4.5,5.51,0.9982,0.6364,0.6399,Average
0.8373,9.49,4.18,0.8161,6.38,5.0,4.89,0.8375,0.8333,0.7921,Excel
0.8797,1.97,2.93,0.8054,2.15,2.7,4.79,0.7446,0.0,0.5454,Average
0.5706,7.74,4.52,0.8823,7.19,2.8,6.76,0.9916,0.8889,0.7177,Excel
0.8168,6.41,2.6,0.7585,6.04,3.34,3.3,0.8603,0.0,0.5622,Average
0.4926,8.19,2.36,0.5859,8.61,2.99,2.8,0.6167,0.6667,0.5278,Average
0.8677,10.97,3.35,0.795,10.0,2.69,3.54,0.7571,0.0,0.6197,Average
1.0,7.98,3.53,0.7107,6.47,2.53,7.23,0.9711,0.4,0.7332,Excel
0.5225,12.3,4.16,0.6135,5.41,1.72,5.41,0.8547,0.1429,0.5425,Average
0.6341,5.79,5.0,0.7315,3.43,4.12,10.0,0.6058,0.3,0.6842,Excel
0.8906,10.71,3.29,0.6416,7.51,3.07,7.68,0.8645,0.0,0.6394,Average
0.9949,12.33,3.38,0.7998,9.31,2.9,6.2,0.9478,0.2,0.6828,Excel
0.6589,8.46,3.35,0.8876,5.13,2.89,9.24,0.5695,0.3846,0.6396,Average
0.3765,2.41,2.99,0.8545,4.73,3.06,7.99,0.8997,0.1875,0.5544,Average
0.7808,11.12,3.18,1.0,10.0,3.83,6.66,0.8806,0.5,0.7693,Excel
0.3942,8.69,3.18,0.7778,5.9,2.22,9.33,0.967,0.1,0.5245,Average
0.6478,11.43,3.37,0.7482,4.85,4.71,6.53,0.6206,0.8571,0.648,Average
0.7825,4.77,2.53,0.8577,6.56,2.15,4.91,1.0,0.8571,0.7159,Excel
0.4284,7.63,2.48,0.8093,8.31,5.0,7.31,0.6609,1.0,0.6496,Average
0.4983,4.88,4.36,0.8631,6.81,3.67,5.04,0.5762,0.5714,0.6621,Average
0.5893,10.47,3.6,0.9242,5.44,5.0,6.81,0.7952,0.7333,0.7467,Excel
0.6251,12.34,2.79,0.7582,4.62,3.63,6.91,0.875,0.5556,0.5916,Average
0.5124,3.98,3.64,0.6137,4.3,1.69,9.21,0.9036,0.2,0.5691,Average
0.6052,3.37,1.81,0.9246,7.33,4.23,8.91,1.0,0.9,0.7338,Excel
0.5028,8.76,2.82,0.834,5.34,4.2,6.76,0.6848,1.0,0.6495,Average
0.7476,9.2,3.1,0.8837,8.66,3.71,7.4,1.0,0.9091,0.7699,Excel
0.4407,10.52,2.15,0.8255,5.64,3.08,6.59,1.0,0.7143,0.5854,Average
0.6519,9.82,2.74,0.6987,7.63,2.79,6.27,0.908,0.6,0.6381,Average
0.6014,3.71,3.44,0.5889,2.65,2.91,5.52,0.434,0.1111,0.5112,Average
0.4614,10.95,2.96,0.5501,7.34,3.97,8.86,0.5739,0.5,0.5862,Average
0.7145,5.8,3.84,0.9096,7.83,3.31,6.7,0.7128,0.1765,0.6796,Average
0.9406,13.99,3.41,0.7411,8.98,2.91,9.36,0.8372,0.7273,0.7671,Excel
0.5108,9.59,4.04,0.7035,9.21,4.6,4.86,0.7294,0.8571,0.708,Excel
0.665,11.98,2.24,1.0,6.64,2.61,5.78,0.6809,0.2222,0.5885,Average
0.9802,1.52,4.07,0.861,10.0,3.95,7.27,0.5706,0.8889,0.8679,High Excel
0.625,13.15,4.36,0.8203,6.02,3.07,7.44,0.7805,1.0,0.7378,Excel
0.802,6.88,1.65,0.6054,8.76,1.72,4.62,0.5017,1.0,0.6078,Average
0.7493,11.14,2.57,0.805,4.76,4.23,4.19,0.6362,0.1111,0.5314,Average
0.7583,5.72,1.8,0.8699,10.0,3.05,1.0,0.7533,0.1111,0.5628,Average
0.6699,10.63,4.34,0.9013,6.64,2.96,5.89,0.4777,0.8333,0.6756,Average
0.9023,9.18,1.37,1.0,4.66,2.81,7.87,0.8299,0.5385,0.7082,Excel
0.5672,13.08,2.99,0.8167,7.81,3.61,7.58,0.8676,0.2,0.5924,Average
0.7377,5.91,2.35,1.0,4.86,3.57,5.73,0.8448,0.8125,0.7342,Excel
0.7495,6.34,1.42,0.9072,4.94,2.8,8.42,0.648,0.4286,0.6096,Average
0.6602,9.09,2.89,0.8193,4.79,1.66,9.4,0.707,0.0588,0.5539,Average
0.5382,10.64,2.63,0.7908,5.16,2.91,9.91,0.6081,0.7647,0.6164,Average
0.7913,9.0,1.04,0.6437,3.9,2.42,4.21,0.6329,1.0,0.6415,Average
0.7805,9.73,2.85,0.8563,6.6,1.88,7.64,0.9516,0.25,0.6546,Average
0.4296,4.41,2.13,0.8328,3.85,3.35,5.9,0.8434,0.6471,0.5634,Average
0.8014,10.29,4.28,0.8262,7.92,3.11,6.49,0.8719,0.4,0.7181,Excel
0.5961,7.35,4.01,0.8791,8.91,3.51,7.91,0.8811,0.6667,0.7424,Excel
0.8065,9.95,3.13,1.0,8.96,4.17,5.41,0.5039,0.125,0.6427,Average
0.8135,6.8,3.66,0.7987,6.19,3.04,6.44,0.8079,0.0833,0.6079,Average
0.6074,10.35,2.83,1.0,5.35,4.23,7.57,0.5774,0.6875,0.7005,Excel
0.6257,8.84,3.87,0.8259,7.75,3.96,6.59,0.4413,0.2143,0.6277,Average
0.7348,10.81,1.0,0.9978,7.56,3.12,3.51,0.8167,0.8,0.6378,Average
1.0,9.37,2.63,0.8461,1.0,3.95,8.74,0.8403,0.8571,0.7676,Excel
0.6112,11.16,3.33,0.9551,4.48,3.64,5.09,0.6101,0.8333,0.6888,Excel
0.7733,8.72,3.89,0.6954,5.43,4.19,5.54,0.5523,0.3,0.6005,Average
0.5024,10.4,2.87,0.9238,7.21,3.37,10.0,0.9289,0.2941,0.5819,Average
0.4438,8.41,3.32,0.9747,3.03,2.32,5.47,0.5754,0.9375,0.5477,Average
0.7943,4.0,2.95,0.9835,7.01,2.84,10.0,0.4282,0.3333,0.6829,Excel
0.2,13.67,3.06,0.7038,9.36,3.13,9.54,0.5878,0.3333,0.4787,Struggle
0.6331,12.8,4.36,0.5739,7.78,3.3,6.62,0.8967,0.5,0.6557,Average
0.5628,5.65,3.22,0.7646,4.75,3.43,9.36,0.7546,0.6,0.6728,Average
0.7901,10.84,2.76,0.6898,5.95,1.83,4.05,0.8325,0.6667,0.6126,Average
0.534,12.07,4.33,0.7362,8.21,4.44,5.39,0.686,0.7143,0.6839,Excel
0.26,10.83,3.54,0.9488,3.23,2.36,6.8,0.8747,0.3333,0.4972,Struggle
0.7062,6.61,2.78,0.6753,10.0,2.64,8.74,0.4662,0.375,0.6632,Average
0.675,14.72,3.58,0.9981,8.26,4.99,6.93,0.7366,0.3846,0.7194,Excel
0.8899,9.34,3.93,0.7682,7.21,3.78,3.79,0.9062,0.0,0.6844,Excel
0.4301,8.4,3.77,0.9409,7.39,3.52,8.12,0.566,0.3636,0.636,Average
0.5609,12.08,2.66,0.8118,6.27,2.11,7.01,0.6659,0.8667,0.6376,Average
0.5317,3.08,4.28,0.7189,5.75,2.13,5.23,0.7349,0.2143,0.5799,Average
0.8971,10.98,2.43,1.0,4.21,4.16,7.0,0.4832,0.7,0.6893,Excel
0.9662,5.78,3.31,0.9713,8.91,4.05,5.26,0.5541,0.2143,0.6982,Excel
0.4335,9.62,2.35,0.7659,7.68,2.4,8.2,0.8685,0.6429,0.5847,Average
0.8494,6.03,3.08,0.8697,10.0,4.31,5.57,1.0,0.4286,0.7476,Excel
0.7137,7.04,3.14,0.8038,10.0,3.46,7.83,0.5161,0.8571,0.7169,Excel
0.33,12.53,3.61,0.7245,7.09,4.26,4.25,0.7285,0.3333,0.5194,Average
0.8497,13.27,2.8,0.6885,10.0,3.53,4.87,0.6159,0.6,0.6463,Average
0.9107,13.06,3.51,0.5844,7.22,3.54,9.44,0.764,0.25,0.6899,Excel
0.8745,5.36,2.75,0.6462,4.26,3.81,9.88,0.8117,0.8462,0.6943,Excel
0.8333,8.19,3.32,0.6849,4.67,2.8,1.12,1.0,0.4667,0.6041,Average
0.6489,10.44,3.19,0.7673,7.57,3.0,9.66,0.8613,0.125,0.5809,Average
0.4401,12.52,2.93,0.582,2.77,2.51,4.82,0.5483,0.75,0.5089,Average
0.3524,9.22,3.69,0.9404,6.78,3.9,7.42,0.4158,0.1538,0.6109,Average
0.9454,9.92,3.74,0.5265,8.67,3.55,2.19,0.9737,0.8824,0.7619,Excel
0.7772,12.41,3.37,0.8852,6.43,2.3,4.29,0.5608,0.3077,0.6032,Average
0.9554,6.57,2.16,0.4795,7.46,4.21,8.49,0.9032,0.0667,0.63,Average
0.2513,8.58,4.41,0.7311,6.6,3.41,3.37,0.713,1.0,0.5808,Average
0.4305,9.28,3.56,0.9492,6.9,5.0,10.0,0.5776,0.5,0.6827,Excel
0.6117,7.96,2.84,0.7451,8.23,1.41,8.1,0.7648,0.3333,0.5653,Average
1.0,11.24,4.94,0.7082,9.08,1.72,7.17,0.8981,0.5,0.7773,Excel
0.8583,5.85,3.62,0.7217,8.07,2.34,5.52,0.4829,0.25,0.631,Average
0.7231,6.48,1.86,0.8026,5.74,3.39,4.52,0.4806,0.0667,0.5688,Average
0.5796,11.41,2.9,0.7335,6.15,1.94,10.0,0.7518,0.625,0.6192,Average
1.0,7.08,3.74,0.759,7.94,2.85,7.84,0.5852,0.9286,0.8212,High Excel
0.2,3.79,4.15,0.807,2.6,5.0,7.45,0.8135,0.0,0.534,Average
1.0,9.32,4.11,0.7972,3.77,2.78,4.54,0.9732,0.7647,0.7381,Excel
0.8802,15.43,3.9,0.6574,9.72,3.53,4.22,0.686,0.1429,0.6478,Average
0.733,10.02,5.0,0.754,3.8,1.81,9.4,0.6154,1.0,0.7314,Excel
0.7844,1.0,3.04,0.8338,5.46,3.08,2.55,0.8938,0.2,0.6391,Average
0.4375,9.09,4.37,0.7441,8.91,4.48,3.09,0.5079,0.3846,0.5896,Average
0.6095,7.98,2.41,0.663,7.54,5.0,5.29,0.6391,0.0,0.5261,Average
0.5309,7.03,3.09,0.9074,3.76,3.88,7.38,0.9161,1.0,0.6829,Excel
0.6612,3.62,1.38,0.8149,5.87,3.58,6.6,0.7771,0.0,0.5656,Average
1.0,7.28,3.68,1.0,3.91,5.0,5.31,1.0,1.0,0.8375,High Excel
0.931,9.32,2.13,0.8642,5.86,2.7,6.07,0.6076,0.6667,0.6826,Excel
0.7256,8.17,3.8,0.8372,5.73,2.71,9.85,0.7814,0.75,0.7467,Excel
0.4852,1.0,3.72,0.7933,4.48,3.76,4.72,0.8965,0.5,0.5866,Average
0.5172,9.76,2.81,0.8621,10.0,4.25,6.24,1.0,0.125,0.6709,Average
0.3657,7.31,3.02,0.6463,4.59,1.76,7.2,0.8825,0.2667,0.4779,Struggle
0.8227,8.91,3.98,0.8284,3.06,3.76,4.81,0.7292,0.6471,0.6987,Excel
0.7042,12.63,2.08,0.8945,6.01,1.18,8.69,0.8547,0.5556,0.6091,Average
0.3698,8.2,2.39,1.0,10.0,5.0,5.38,1.0,0.25,0.628,Average
0.8712,6.19,2.89,0.9264,4.74,2.36,6.67,0.813,0.9231,0.6977,Excel
0.6858,7.93,2.72,0.8333,7.88,4.23,5.52,0.3483,0.2941,0.5969,Average
1.0,11.59,1.56,0.6382,5.97,3.44,6.1,0.9098,0.0,0.6136,Average
0.5963,3.54,3.18,0.7943,2.27,2.44,7.08,0.6517,1.0,0.6539,Average
0.5267,8.88,3.81,0.8083,4.42,3.68,7.83,0.4475,0.125,0.5569,Average
0.7434,9.73,3.41,0.9038,4.91,3.02,6.93,0.3603,0.2667,0.6257,Average
0.6914,4.74,2.71,0.886,6.59,3.01,4.76,0.6963,0.625,0.6925,Excel
0.8227,8.45,2.96,0.4876,10.0,2.89,4.93,0.9265,0.0,0.5856,Average
0.8467,4.93,2.49,0.431,10.0,4.4,6.88,0.7623,0.2,0.6378,Average
0.7484,6.57,3.57,0.613,5.19,1.74,10.0,0.8332,0.125,0.5957,Average
0.6605,9.79,4.61,0.849,8.01,4.41,4.69,0.8555,0.4615,0.6923,Excel
0.6214,6.76,3.84,0.6435,7.53,3.47,7.22,0.7079,0.0,0.5414,Average
0.4783,11.25,1.0,0.8303,8.3,2.15,6.33,0.7797,0.7778,0.55,Average
0.6318,3.73,4.09,0.7441,3.81,3.16,8.64,0.893,0.1429,0.5989,Average
0.7199,12.09,2.85,0.8828,4.28,4.67,3.58,0.9795,0.8182,0.6781,Average
0.6455,1.29,3.48,0.8018,6.37,3.63,5.75,0.6997,0.3571,0.6438,Average
0.8679,16.6,4.68,0.9797,9.19,2.94,6.15,1.0,0.0,0.6776,Average
0.7089,4.09,4.39,0.6206,8.8,3.69,6.39,0.8322,0.9231,0.7501,Excel
0.5842,3.98,3.27,0.9765,9.86,2.74,4.45,0.8488,0.5385,0.6841,Excel
0.7526,6.07,3.58,1.0,6.41,3.67,4.09,0.8114,0.3125,0.6743,Average
0.9104,15.8,4.12,0.8826,3.92,4.54,4.47,0.5205,0.7273,0.7003,Excel
0.5608,7.75,2.04,0.8221,4.64,2.89,7.93,0.6677,0.5625,0.5943,Average
0.479,7.65,4.01,0.7279,9.81,4.03,9.35,0.6109,0.8,0.7504,Excel
0.6958,10.48,4.73,0.834,4.57,4.05,6.94,0.6408,0.7778,0.7015,Excel
0.5785,10.0,4.15,1.0,6.58,5.0,3.88,1.0,1.0,0.7673,Excel
0.4756,6.14,1.76,0.9426,7.94,2.42,8.24,0.6673,0.8462,0.6402,Average
0.8899,4.36,3.31,0.9209,5.4,1.5,7.44,0.6241,1.0,0.7926,Excel
0.6013,5.61,4.64,0.6729,5.09,1.82,7.11,0.8979,0.5556,0.633,Average
0.6415,7.72,3.34,0.8534,4.84,3.22,9.7,0.7229,0.6,0.7065,Excel
0.6624,7.2,5.0,0.7146,4.03,2.74,7.21,0.5093,0.0,0.5564,Average
0.5363,10.46,3.17,0.6688,7.33,3.58,7.95,0.4509,1.0,0.6683,Average
0.954,11.33,2.74,0.8518,4.07,3.93,9.21,0.7441,0.0,0.6847,Excel
0.6049,3.74,4.24,0.7373,5.92,4.19,9.59,0.6461,0.25,0.5947,Average
0.2627,4.45,4.6,1.0,6.76,4.95,5.26,0.8517,0.5882,0.6792,Average
0.8368,12.33,2.48,0.7182,8.36,1.54,4.28,0.829,0.3333,0.6071,Average
0.5219,6.74,3.57,0.9774,7.81,3.92,2.44,0.8668,0.8571,0.6949,Excel
0.7867,1.47,3.89,0.5866,6.87,3.0,5.29,0.7854,0.0588,0.6048,Average
0.9182,2.99,2.55,1.0,8.19,3.6,3.84,0.7009,0.8125,0.7904,Excel
0.6329,9.85,1.78,0.7557,8.27,4.12,6.43,0.9248,1.0,0.6351,Average
0.6203,8.27,3.43,0.9729,5.49,3.62,4.99,0.7858,0.7143,0.6895,Excel
0.8899,5.31,5.0,0.6368,10.0,3.71,4.37,1.0,1.0,0.8354,High Excel
0.5857,3.01,2.53,0.6985,7.74,5.0,1.96,0.8026,1.0,0.7077,Excel
0.6474,2.39,1.98,0.6669,9.51,1.0,6.56,0.6902,0.6,0.5936,Average
0.8278,5.71,4.06,0.8963,6.44,1.59,10.0,0.5542,1.0,0.7765,Excel
0.6863,6.57,2.12,0.6396,3.83,2.66,8.68,0.9455,1.0,0.6386,Average
0.6381,13.7,5.0,1.0,5.72,2.28,5.99,0.598,0.0,0.6014,Average
0.9096,12.68,2.43,0.8209,8.85,3.89,4.6,0.6632,0.4167,0.6389,Average
0.6957,8.29,1.94,0.8262,6.56,2.54,2.72,0.7335,0.9167,0.5918,Average
0.4755,8.77,4.98,0.9085,9.92,2.9,5.63,0.8222,0.4167,0.6996,Excel
0.506,7.79,3.1,0.8557,5.07,2.57,6.5,1.0,0.3333,0.5751,Average
0.7655,8.89,3.74,0.7748,4.13,4.46,3.05,0.7908,0.6364,0.6493,Average
0.5546,10.76,4.24,0.8274,4.55,2.17,3.52,0.4867,0.9286,0.6039,Average
0.5658,8.79,2.93,0.6298,4.99,3.36,4.4,0.4695,0.0588,0.4631,Struggle
0.7403,10.34,2.76,0.8689,3.67,1.13,6.89,0.8814,0.7143,0.5927,Average
0.5335,8.14,3.42,0.9484,9.38,4.03,3.59,0.4459,0.2,0.575,Average
0.5883,9.34,2.64,0.6674,3.72,3.89,9.13,0.8441,0.6667,0.6018,Average
0.5633,6.93,4.55,0.8217,5.1,1.74,4.29,0.4078,0.0588,0.5091,Average
0.5901,11.37,3.42,0.8608,4.4,4.02,5.64,0.9502,0.4286,0.598,Average
0.333,13.39,4.33,0.484,7.04,1.07,6.06,1.0,0.1667,0.4799,Struggle
0.64,5.37,3.45,0.9506,6.42,3.39,7.65,0.8111,0.875,0.7056,Excel
0.7908,3.64,3.89,0.7993,6.85,4.13,6.24,0.7917,1.0,0.8266,High Excel
0.3918,8.9,3.84,0.9251,5.42,2.21,4.74,0.8959,0.1818,0.5482,Average
0.5547,15.46,3.27,0.873,5.87,3.08,8.86,0.8699,0.0,0.5336,Average
0.4227,9.7,1.75,0.8456,4.8,2.36,6.19,0.8723,0.5625,0.5261,Average
0.494,4.62,3.53,0.9256,8.91,2.32,5.93,0.5475,1.0,0.7112,Excel
0.7833,1.0,4.87,0.6584,9.23,3.11,4.61,0.4893,0.25,0.6728,Average
0.7132,8.2,3.64,0.9809,4.71,4.85,4.83,0.6376,0.8333,0.6963,Excel
0.4547,1.7,4.8,1.0,7.42,2.59,4.3,0.8964,0.6,0.659,Average
0.639,4.83,1.76,0.9472,4.69,3.42,7.6,0.8003,0.0,0.5574,Average
0.6452,4.8,3.12,0.8336,8.15,3.72,5.87,1.0,0.75,0.7023,Excel
0.8108,6.18,4.17,1.0,8.84,2.86,4.78,0.6228,0.0,0.6862,Excel
0.7615,12.91,2.36,0.657,5.48,2.17,7.29,0.8165,0.1818,0.5377,Average
0.9631,5.5,1.85,0.8629,8.71,2.46,8.77,0.4536,0.4,0.6856,Excel
0.7968,1.49,2.71,0.7721,4.71,3.3,4.87,0.8777,1.0,0.7246,Excel
0.7226,6.26,5.0,0.6623,5.51,2.71,3.79,0.4486,0.0909,0.5711,Average
0.6244,9.94,2.95,0.7386,8.15,2.25,8.11,0.7494,1.0,0.709,Excel
0.6732,10.34,3.74,0.8999,6.57,4.36,8.42,0.7214,0.0625,0.6523,Average
0.7045,8.89,4.96,0.8856,4.0,3.69,6.81,0.6064,0.7,0.7202,Excel
0.6618,7.87,1.88,0.8785,6.64,4.7,10.0,0.8122,0.0,0.5917,Average
0.3064,7.24,2.79,0.6841,4.18,4.95,5.85,0.5614,0.9167,0.5994,Average
1.0,8.56,3.07,0.9259,4.67,1.13,4.37,0.6458,1.0,0.733,Excel
0.6082,6.24,1.0,0.7809,4.98,3.09,4.61,0.4262,0.25,0.4798,Struggle
0.4047,10.11,5.0,0.7295,7.76,2.91,6.17,0.9211,0.8235,0.6407,Average
0.7627,4.78,3.37,0.939,5.58,2.48,4.57,0.7075,0.1176,0.6133,Average
0.6883,2.71,4.53,1.0,9.01,3.16,6.48,0.9895,0.6667,0.7826,Excel
0.7641,10.42,1.19,0.9705,3.8,4.74,4.47,0.3705,0.6,0.621,Average
0.71,14.39,2.04,0.6441,5.52,5.0,5.69,0.7544,0.9,0.6454,Average
0.3797,7.21,4.62,0.7655,6.53,4.57,6.81,0.5997,0.4615,0.5902,Average
0.7444,5.43,3.11,0.7121,2.91,1.75,2.55,0.6541,0.1429,0.5204,Average
0.5668,5.23,4.19,0.7135,3.99,2.92,3.8,0.6705,0.0,0.526,Average
0.4427,4.7,2.55,0.8079,4.34,4.66,5.47,0.6659,0.1765,0.5291,Average
0.7166,9.51,2.81,0.6461,5.76,2.71,8.68,0.459,0.125,0.5395,Average
0.5152,6.18,2.97,0.5685,4.63,4.45,6.7,0.3838,0.6667,0.5805,Average
0.2912,13.64,2.24,0.8868,6.63,3.79,4.52,0.9002,0.0,0.4853,Struggle
0.6827,8.86,2.63,0.7804,5.41,4.25,5.28,0.781,1.0,0.7062,Excel
0.4827,4.44,1.57,0.7159,7.87,2.68,6.64,0.8535,1.0,0.5958,Average
0.4593,5.17,4.42,0.7064,6.52,4.7,8.25,0.6286,0.5,0.6858,Excel
0.6693,10.43,1.87,1.0,5.56,3.63,9.16,0.6735,0.0,0.594,Average
0.4018,3.33,5.0,0.9123,6.86,3.47,7.73,0.5172,0.0,0.6215,Average
0.692,7.02,3.29,0.9247,4.72,3.08,7.69,0.8717,0.5,0.6455,Average
0.5548,10.89,4.28,0.9408,4.28,1.0,4.07,0.9233,1.0,0.6477,Average
0.6305,4.86,4.08,0.813,9.63,1.9,10.0,0.8228,0.875,0.7431,Excel
0.6778,9.31,4.12,0.7345,7.8,5.0,5.81,0.6328,1.0,0.7304,Excel
0.7755,7.32,4.33,0.8721,6.57,3.1,4.8,0.6732,0.7857,0.7571,Excel
0.9172,12.73,4.02,0.7179,8.44,3.19,5.57,0.6273,0.2857,0.6733,Average
0.5359,10.23,2.69,0.4872,8.55,3.75,4.32,0.5222,0.0,0.4787,Struggle
0.8438,7.57,4.03,0.8165,5.67,4.16,5.97,0.7359,0.0,0.6674,Average
0.6517,7.33,2.16,0.7508,10.0,1.81,5.98,0.397,0.0588,0.5532,Average
0.6051,7.89,3.72,0.9465,5.53,3.74,5.92,0.7152,0.75,0.688,Excel
0.9242,3.55,3.75,0.8746,6.4,1.12,5.5,0.5787,0.4167,0.7005,Excel
0.5719,6.83,2.8,1.0,4.95,2.72,4.14,0.7422,0.125,0.5513,Average
0.7798,9.69,3.5,0.5339,9.74,1.51,8.31,0.7929,0.125,0.604,Average
0.4934,9.06,3.37,0.8155,4.85,2.55,9.84,0.5846,0.1667,0.5963,Average
0.7471,8.46,4.64,0.8662,6.98,1.88,7.86,0.4493,0.5,0.6795,Average
0.7436,6.16,3.27,0.784,6.85,4.14,5.19,0.4589,0.1818,0.6293,Average
0.7294,2.48,4.45,1.0,8.03,4.64,5.08,0.437,0.0,0.722,Excel
0.4242,7.99,2.69,0.4279,6.44,2.96,6.7,0.7827,0.5,0.4997,Struggle
0.5399,7.67,4.01,0.7445,7.55,4.15,4.79,0.7315,0.625,0.6596,Average
0.5718,11.71,5.0,0.8285,5.61,5.0,5.93,0.5272,0.6471,0.7159,Excel
0.4451,8.0,3.95,0.805,8.95,3.83,9.36,0.6443,0.875,0.6704,Average
0.5322,7.21,4.53,0.8885,4.34,3.5,10.0,0.4145,0.4,0.6575,Average
0.5169,8.48,3.91,0.7614,9.24,1.0,5.05,0.9681,0.1818,0.5346,Average
0.7913,9.87,3.82,0.9998,2.75,2.87,2.51,0.7429,0.5714,0.6342,Average
0.7164,4.76,4.46,0.7924,5.21,2.68,7.36,0.8255,0.1176,0.6354,Average
0.6375,7.57,2.57,0.6865,6.25,1.09,10.0,0.8839,0.5714,0.5766,Average
0.7349,13.04,3.34,0.7031,10.0,2.33,6.08,0.7936,0.8333,0.7218,Excel
0.5838,6.64,2.92,0.6076,5.51,4.07,6.01,1.0,1.0,0.6759,Average
0.2909,2.78,3.85,0.8081,7.43,4.67,6.5,0.5927,0.6,0.6112,Average
0.8079,10.91,3.21,0.783,5.58,2.1,2.51,0.9478,1.0,0.6628,Average
0.9093,12.22,2.39,0.793,3.6,2.83,4.43,0.6766,0.0667,0.5233,Average
0.6309,11.97,1.0,0.8168,8.17,3.43,5.02,0.5864,0.4375,0.5743,Average
0.8303,1.31,3.09,0.8518,8.83,3.18,4.2,0.669,1.0,0.7485,Excel
0.5459,8.27,2.36,0.9825,6.4,4.55,7.28,0.5137,0.4375,0.6079,Average
0.5598,1.66,3.6,0.7342,8.17,5.0,8.43,0.7858,0.8182,0.7259,Excel
0.9547,11.07,2.82,0.8225,7.56,1.96,5.0,0.7478,0.4,0.6676,Average
0.6173,5.94,1.87,0.7698,8.07,2.09,8.57,0.5797,0.8235,0.6056,Average
0.4706,2.12,1.56,0.7081,7.61,2.41,7.26,0.8289,0.6,0.5582,Average
0.9164,6.51,3.48,0.7853,10.0,3.49,7.79,0.82,0.1667,0.6959,Excel
0.6117,6.67,5.0,0.6798,5.64,1.76,9.52,0.7202,0.3125,0.6503,Average
0.6562,7.54,2.03,0.8037,10.0,3.06,9.33,0.8195,0.7692,0.6677,Average
1.0,13.71,3.42,0.8544,6.35,3.78,9.3,0.8442,0.0,0.6857,Excel
0.774,9.65,4.29,0.5224,2.83,2.16,8.69,0.5367,0.3333,0.5549,Average
0.8001,8.74,1.95,0.9317,6.83,5.0,7.71,0.8448,0.0833,0.6693,Average
0.7219,4.61,2.41,0.7963,7.16,3.62,6.27,0.6717,0.5625,0.6458,Average
0.6094,8.34,2.26,0.7408,6.01,2.14,2.3,0.6193,0.8333,0.5679,Average
0.6794,13.34,3.9,0.7081,7.09,4.95,8.25,1.0,0.2353,0.666,Average
0.8239,3.33,1.64,0.9138,5.77,2.71,4.0,0.8797,0.3571,0.6486,Average
0.7438,8.21,3.08,0.7248,7.3,2.59,5.57,0.6507,0.125,0.6176,Average
0.6754,9.86,2.39,0.8585,6.89,4.71,6.02,0.7198,0.2143,0.5862,Average
0.9033,11.97,3.63,0.9828,10.0,4.67,5.01,0.9476,0.3333,0.7831,Excel
0.6482,9.18,3.0,0.5823,6.88,4.9,5.21,0.4291,0.8333,0.6204,Average
0.3723,4.64,1.96,0.8766,8.57,4.1,9.93,0.5297,0.25,0.5686,Average
0.4447,9.29,4.41,0.753,4.34,2.35,3.77,0.5102,0.0667,0.4838,Struggle
0.6683,10.76,4.48,0.7846,8.0,4.12,3.63,0.9185,0.0,0.6063,Average
0.8033,5.92,4.3,0.9751,10.0,2.45,5.79,0.5585,0.875,0.7573,Excel
0.6474,6.47,4.09,1.0,3.02,4.04,6.2,0.7792,0.1111,0.6303,Average
0.527,13.9,1.69,0.7885,6.58,3.11,9.09,0.829,0.0,0.5283,Average
0.7343,6.14,2.6,0.7552,10.0,5.0,6.27,0.982,0.3529,0.6795,Average
0.2962,10.26,4.34,0.9392,7.26,2.48,6.69,1.0,0.4,0.5779,Average
0.7181,8.79,2.16,0.8848,1.63,1.48,2.9,0.5457,0.8667,0.586,Average
0.6185,9.14,3.29,0.8905,8.73,4.21,6.9,0.584,0.6667,0.7036,Excel
0.442,5.53,3.36,0.4779,6.41,2.4,6.76,1.0,0.3,0.5134,Average
0.5505,10.36,3.54,0.8156,7.19,2.92,6.74,0.8564,0.4,0.6296,Average
0.4333,9.29,1.9,0.8434,6.77,4.16,8.02,0.8984,0.9231,0.6261,Average
0.7049,8.36,3.51,0.7502,5.14,2.85,6.24,0.806,0.5556,0.5974,Average
0.6139,6.61,1.76,0.8176,3.82,3.22,8.09,0.6241,0.2,0.5505,Average
0.9162,8.63,3.32,0.5873,8.16,1.29,4.78,0.9335,0.0769,0.5962,Average
0.4045,5.17,3.18,0.8219,6.58,2.65,8.53,0.9808,0.8571,0.6745,Average
0.6557,7.49,3.16,0.8832,5.12,3.29,8.74,0.7192,0.2857,0.6588,Average
0.7975,9.06,3.33,0.6739,7.42,1.79,4.22,1.0,0.5625,0.6192,Average
0.5506,2.04,3.81,0.8933,8.94,3.05,7.86,0.5392,0.7273,0.7292,Excel
0.6191,10.0,3.89,0.8433,5.53,4.08,7.25,1.0,1.0,0.7281,Excel
0.6997,11.37,3.31,0.8073,6.17,3.85,8.76,0.7939,0.6667,0.6645,Average
0.5287,5.53,2.93,0.6207,8.54,3.71,8.32,0.7615,0.4,0.6223,Average
0.7782,8.78,2.82,0.8526,6.41,2.17,6.13,0.8167,0.7143,0.694,Excel
0.4617,8.09,3.56,0.6723,7.58,4.55,6.85,0.6596,0.5,0.6315,Average
0.6228,10.59,3.7,0.7931,9.38,3.82,7.75,0.6009,0.6667,0.6976,Excel
0.8741,6.42,4.24,0.794,3.6,4.75,6.39,0.683,0.5882,0.725,Excel
0.9085,3.98,3.16,0.6799,7.9,3.66,9.73,0.4134,0.1429,0.6698,Average
0.821,9.14,4.44,0.7869,4.39,2.96,5.86,0.7409,0.5,0.6855,Excel
0.6783,9.49,4.07,1.0,9.69,4.07,5.66,0.9525,0.4,0.7336,Excel
0.6738,6.6,4.81,0.8138,8.09,3.98,9.38,0.9013,0.3,0.7254,Excel
0.5952,4.59,3.21,0.7785,10.0,3.52,5.22,0.7277,0.7857,0.7411,Excel
0.7511,9.11,4.77,0.754,7.04,3.75,3.31,0.9382,0.0,0.6465,Average
0.7459,8.9,3.69,0.8153,7.77,4.31,10.0,0.7271,0.4615,0.6868,Excel
0.9688,9.13,2.27,0.6992,5.23,2.22,9.54,0.7559,0.2941,0.6694,Average
0.8129,3.74,3.05,0.7295,3.99,2.57,3.82,0.4997,0.9375,0.637,Average
0.802,5.87,3.6,0.8327,5.98,3.81,5.67,0.7583,0.0,0.6563,Average
0.7194,10.48,2.39,0.6589,6.45,3.29,7.62,0.7004,0.8571,0.6408,Average
0.8195,10.87,3.88,0.826,7.61,1.71,7.0,0.6673,0.625,0.7056,Excel
0.721,5.72,1.0,0.7227,6.97,2.02,7.15,0.8737,0.1667,0.5731,Average
0.8243,8.69,4.46,0.8542,10.0,3.69,4.99,0.7138,0.6,0.7975,Excel
0.7428,16.98,4.7,0.9457,5.3,4.02,7.04,0.7087,1.0,0.7351,Excel
0.8272,9.89,3.61,0.8135,7.27,2.34,4.56,0.6997,1.0,0.721,Excel
0.5498,6.02,4.21,0.6489,2.33,4.43,8.44,0.5582,0.6364,0.6455,Average
0.3729,5.7,3.5,0.6443,10.0,3.71,1.95,0.5575,0.875,0.5847,Average
0.46,10.27,3.04,0.6184,7.07,2.56,8.45,0.7577,0.6667,0.5789,Average
0.5185,8.42,1.92,0.7288,5.39,2.91,6.64,1.0,0.3333,0.5098,Average
0.876,6.86,2.69,0.8442,4.89,3.98,5.61,0.6469,0.6364,0.708,Excel
0.7992,8.86,1.0,0.8271,4.55,5.0,5.66,1.0,0.9231,0.6705,Average
0.5847,1.89,2.93,0.7558,5.69,4.96,5.86,0.8288,0.1667,0.6327,Average
0.7109,10.51,3.32,1.0,5.42,2.82,8.6,0.7408,0.9231,0.692,Excel
0.5007,5.22,3.76,0.615,9.07,2.96,4.87,0.549,0.9375,0.6387,Average
0.7566,1.43,3.74,0.9134,10.0,2.58,5.04,0.7338,0.4,0.7328,Excel
0.8027,8.59,1.84,0.8591,10.0,4.57,4.44,0.7575,0.5333,0.6787,Average
0.5921,6.26,3.04,0.6484,6.26,2.13,9.76,0.4166,0.5714,0.6246,Average
0.6304,7.16,2.51,0.9483,1.63,2.08,7.78,1.0,0.5455,0.5876,Average
0.8168,11.89,1.66,0.8248,6.74,3.43,7.45,0.8139,0.7647,0.7071,Excel
0.9183,4.02,5.0,1.0,6.65,4.47,4.59,0.6106,0.7,0.8663,High Excel
0.5924,5.95,2.42,0.7315,7.19,3.64,5.95,0.7246,1.0,0.6696,Average
0.3527,7.03,3.49,0.8512,6.85,2.66,5.59,0.8842,0.5455,0.5348,Average
0.4094,7.37,4.48,0.9094,2.41,5.0,6.78,0.4942,0.9167,0.638,Average
0.8055,2.02,3.14,0.5844,4.11,4.38,7.46,1.0,0.6,0.6644,Average
0.9344,6.68,4.04,0.6994,5.45,2.11,8.33,0.8272,0.6923,0.7481,Excel
0.6977,10.59,4.37,0.7831,7.37,1.51,7.96,0.8242,1.0,0.7026,Excel
0.6566,10.86,4.24,0.6194,6.37,2.4,5.02,0.6501,1.0,0.6651,Average
0.8588,9.64,2.74,0.6182,6.29,3.72,9.05,0.8165,0.2857,0.6264,Average
0.737,9.95,1.23,0.9187,4.94,3.51,7.0,0.8872,0.8667,0.6361,Average
0.5394,5.37,2.83,1.0,6.37,1.56,6.79,0.8827,0.75,0.6312,Average
0.3327,8.88,4.38,0.9174,9.35,4.07,8.05,0.5911,0.7273,0.7095,Excel
1.0,7.73,4.8,0.8176,5.58,4.73,7.02,0.7898,0.6429,0.8013,High Excel
0.7102,6.37,3.45,0.8555,6.18,3.29,8.33,0.6302,0.0,0.615,Average
0.5365,10.15,2.48,0.7894,4.69,3.75,2.71,0.8732,0.7333,0.5536,Average
0.6666,10.6,3.12,0.8525,6.42,3.62,6.91,0.6978,0.6667,0.6669,Average
0.6088,13.97,4.82,0.8204,4.46,3.5,9.28,0.6048,1.0,0.7032,Excel
0.458,4.77,2.97,0.7805,7.07,5.0,9.74,0.8432,0.75,0.6886,Excel
0.7824,10.91,4.84,0.5596,4.54,2.55,4.22,0.5566,1.0,0.6559,Average
0.666,6.85,4.79,0.8757,2.96,2.74,8.2,0.713,0.8889,0.7375,Excel
0.665,8.0,2.27,0.6217,8.04,2.71,6.96,1.0,0.0,0.5088,Average
0.2908,11.67,4.97,0.8081,6.84,3.02,9.24,0.8226,0.1538,0.5782,Average
0.6421,5.64,3.01,0.7069,9.37,1.76,5.95,0.9676,0.7333,0.6562,Average
0.8943,10.64,3.1,0.7665,4.35,2.46,5.31,0.7027,0.0,0.5867,Average
0.7918,5.6,2.84,0.432,5.93,4.2,6.25,0.5752,0.0,0.5641,Average
0.3798,3.34,2.44,0.8302,5.0,1.5,4.36,0.7474,0.25,0.4293,Struggle
0.7142,4.82,4.97,0.8492,3.83,5.0,10.0,0.6789,0.125,0.6903,Excel
0.4842,12.01,2.53,0.7977,9.12,3.22,5.86,0.8441,0.2667,0.5376,Average
0.9147,4.62,1.0,0.8843,4.24,4.01,5.84,0.5486,0.4615,0.6633,Average
0.5414,3.81,3.39,0.8748,8.24,3.58,4.9,0.7859,0.2,0.5903,Average
0.3882,6.84,3.28,0.5944,5.9,2.44,7.0,0.941,0.0,0.4553,Struggle
1.0,3.18,3.2,0.9019,5.43,3.44,5.18,0.726,0.0,0.6764,Average
0.5972,9.64,3.7,0.7399,9.35,4.32,4.76,0.9231,0.3333,0.63,Average
0.6087,9.06,4.21,1.0,5.11,2.21,3.87,0.8903,0.2857,0.6054,Average
0.5806,14.96,2.66,0.7798,4.67,4.28,7.35,0.8436,0.0,0.5348,Average
0.7833,6.87,4.3,0.9337,3.93,2.53,4.66,0.9593,0.0,0.6107,Average
0.3651,3.42,4.35,1.0,4.57,2.26,6.14,0.7076,0.5,0.5866,Average
0.8009,8.07,3.69,0.5767,7.32,3.55,6.77,0.4132,0.6,0.7006,Excel
0.4461,6.18,2.7,0.7928,6.27,3.44,10.0,0.5879,1.0,0.6156,Average
0.8365,1.79,2.49,0.5507,5.96,3.09,6.15,0.9065,0.2,0.5941,Average
0.5371,10.74,1.0,0.807,7.41,1.0,8.12,0.6795,0.9333,0.5369,Average
0.2,2.14,3.94,0.777,5.91,2.89,3.78,0.9785,0.8571,0.5761,Average
0.7282,4.94,3.02,0.8367,7.96,4.29,8.8,1.0,0.75,0.7404,Excel
0.6461,7.02,3.84,0.7612,9.08,3.62,8.29,0.5404,0.25,0.6611,Average
1.0,8.69,5.0,0.3806,2.65,1.97,6.08,0.7289,0.4286,0.6507,Average
0.6298,5.72,1.23,0.7675,4.5,2.75,4.78,0.6864,0.4286,0.5196,Average
0.7862,7.28,5.0,0.853,5.68,3.03,8.97,0.7955,1.0,0.8408,High Excel
0.3907,4.33,4.94,1.0,5.64,3.45,5.88,0.537,1.0,0.7035,Excel
0.5609,7.85,1.78,0.6898,4.56,5.0,9.22,0.8127,1.0,0.6414,Average
0.652,15.01,1.61,0.6847,7.73,3.64,5.37,0.8304,0.9,0.5902,Average
0.7283,7.33,3.56,0.5992,7.64,3.47,7.71,0.8428,0.3,0.6307,Average
0.8613,3.54,5.0,0.9245,7.74,2.93,5.88,0.8097,0.8333,0.7853,Excel
0.6288,8.12,4.35,0.7901,3.6,3.11,5.71,0.4254,0.6667,0.5764,Average
0.4225,8.27,1.89,0.6771,5.83,3.02,6.11,0.9104,0.7778,0.5898,Average
0.6727,9.16,3.94,0.5891,7.99,4.33,5.1,0.4202,0.8571,0.6745,Average
0.5181,6.13,1.88,0.9922,4.52,2.85,5.8,0.6435,0.6875,0.6113,Average
0.4331,11.87,3.83,0.8358,9.12,4.35,5.29,0.5929,0.0,0.558,Average
1.0,1.73,2.85,0.8537,6.87,4.06,7.66,0.7251,0.9,0.8075,High Excel
0.707,6.69,3.01,0.9381,6.99,3.14,6.51,0.9112,0.75,0.7094,Excel
0.8978,4.26,2.7,0.7301,6.07,3.76,5.56,0.7798,0.5,0.6503,Average
0.7536,7.48,3.63,0.7431,8.42,1.7,6.5,0.8121,0.4,0.6217,Average
0.7546,6.87,2.85,0.7836,3.57,2.01,7.02,0.5285,0.6667,0.603,Average
0.8453,9.85,1.85,1.0,3.34,2.73,7.14,0.6231,1.0,0.715,Excel
0.5709,9.27,4.03,0.9894,10.0,5.0,8.59,0.901,0.3571,0.7196,Excel
0.8075,8.76,3.63,0.515,5.46,4.63,7.79,1.0,1.0,0.7536,Excel
0.4593,8.6,5.0,0.8838,5.84,3.49,3.57,1.0,1.0,0.7163,Excel
0.4172,9.26,2.16,0.6055,3.77,2.85,5.95,0.4651,0.8,0.5098,Average
0.7249,5.69,2.46,0.872,8.69,2.91,4.4,0.5984,0.5,0.5979,Average
0.6368,7.4,3.54,0.909,4.92,3.2,10.0,0.7198,0.6471,0.6922,Excel
0.6657,5.47,1.0,0.6867,3.17,4.63,9.09,0.8037,0.25,0.5634,Average
0.7941,2.96,1.3,0.7049,4.73,3.05,6.26,0.6316,0.7333,0.6099,Average
0.4704,10.84,3.9,0.8432,10.0,3.68,7.99,0.5981,0.6667,0.6826,Excel
0.5012,11.83,4.75,0.7351,7.02,3.88,8.74,0.7524,0.8182,0.696,Excel
0.4044,5.12,2.77,0.9121,3.83,3.16,5.68,0.8451,0.4286,0.5848,Average
0.9052,8.18,3.82,1.0,5.65,4.64,5.91,0.862,1.0,0.8349,High Excel
0.668,7.95,2.66,0.9399,9.29,2.99,8.52,1.0,0.0909,0.625,Average
0.789,9.27,2.72,0.8671,8.86,3.62,6.84,0.9891,0.9286,0.7786,Excel
0.6398,7.66,2.42,0.6897,5.2,4.26,5.53,1.0,0.4,0.6104,Average
0.5106,4.44,5.0,0.8719,4.3,2.09,10.0,0.9826,0.5455,0.6856,Excel
0.9308,6.52,3.47,0.5627,7.28,1.69,5.03,0.9613,0.0,0.6071,Average
0.7816,7.4,4.64,0.9317,9.52,3.94,6.21,0.573,0.0,0.6871,Excel
0.6826,7.83,2.12,0.8951,5.83,2.55,8.53,0.5228,0.2222,0.6123,Average
0.4112,6.32,4.47,0.9418,3.51,2.99,7.15,0.8089,0.25,0.5769,Average
0.7619,11.92,1.42,0.7358,8.21,2.79,7.39,0.8387,0.4667,0.6209,Average
0.6071,5.24,4.3,0.6773,7.16,3.7,4.27,0.7656,0.5714,0.6315,Average
0.8026,5.77,4.24,0.8903,5.12,4.19,6.84,0.3105,0.1429,0.6807,Excel
1.0,9.4,2.53,0.7142,6.66,3.73,6.34,0.9473,0.4286,0.6751,Average
0.7265,5.04,5.0,0.8454,8.82,1.65,6.87,0.6115,0.7,0.7584,Excel
1.0,8.59,3.09,0.8428,6.49,4.08,9.46,0.4659,0.7,0.7917,Excel
0.6398,4.94,4.27,0.9311,7.35,2.99,5.95,0.7736,0.0625,0.6378,Average
0.7295,9.06,2.29,1.0,6.69,1.42,6.46,0.8692,0.0833,0.5637,Average
0.7654,10.76,3.86,0.7645,5.67,4.04,5.96,0.7782,1.0,0.747,Excel
0.689,6.02,4.42,0.7264,8.09,4.37,6.86,0.8006,0.8333,0.7952,Excel
0.798,14.07,3.91,0.7933,5.07,3.0,6.64,0.8552,0.4167,0.6503,Average
0.5117,7.28,4.42,0.7782,4.5,1.17,5.84,0.7479,0.9412,0.6386,Average
0.8825,6.07,2.89,0.85,5.32,3.28,5.02,0.7097,0.5556,0.661,Average
0.753,7.12,3.29,0.9511,5.93,4.54,7.28,0.7685,0.1818,0.6902,Excel
0.5993,5.84,2.53,0.9533,7.22,3.66,6.93,0.4458,0.0,0.5971,Average
0.973,8.5,1.28,0.7133,3.69,3.02,7.32,0.5887,0.6875,0.6677,Average
0.4737,3.0,3.08,0.7294,4.86,2.68,9.58,0.8889,1.0,0.6609,Average
0.7444,15.87,3.61,0.8282,5.99,3.94,6.2,0.7979,0.1429,0.6462,Average
0.5319,6.04,3.42,0.8261,4.87,1.09,6.53,0.7479,0.25,0.5179,Average
0.7304,11.2,3.82,0.9342,4.42,4.2,5.63,0.8527,0.375,0.6614,Average
0.7948,15.45,2.66,0.7098,7.94,3.54,8.22,0.5922,0.0,0.5769,Average
0.7992,6.63,3.99,0.6562,6.61,2.02,6.12,0.6584,0.4,0.6264,Average
0.3069,8.65,4.11,0.8243,6.3,3.16,8.35,0.4036,0.8,0.6179,Average
0.9314,13.24,3.75,0.8636,4.88,5.0,6.42,0.9695,0.5,0.7154,Excel
0.6765,12.49,4.82,1.0,5.68,2.79,6.46,0.9459,0.1333,0.6405,Average
0.5399,10.62,2.57,0.7139,10.0,3.71,5.86,0.3662,0.0,0.5434,Average
0.836,7.16,1.55,0.9989,7.69,2.42,8.25,0.6024,1.0,0.7085,Excel
0.7225,7.8,4.57,0.907,8.77,3.61,8.34,0.816,0.1429,0.7194,Excel
0.6064,6.08,3.55,0.6098,6.42,2.72,2.08,0.5516,0.4706,0.5652,Average
0.5913,7.3,2.36,0.9163,7.44,3.55,5.21,0.629,0.2,0.569,Average
0.4877,3.83,4.35,0.5307,6.23,3.7,7.35,0.845,0.2353,0.5921,Average
0.7597,8.81,2.6,0.7206,10.0,2.14,5.59,0.8572,0.8,0.7103,Excel
0.8467,11.75,4.27,0.9549,6.1,3.86,5.31,0.861,0.2667,0.6772,Average
0.6571,13.36,3.51,0.8629,6.27,3.32,4.82,0.6987,0.5,0.633,Average
0.6745,9.33,3.97,0.6919,8.88,4.2,7.36,0.5086,1.0,0.7521,Excel
0.6359,2.43,1.99,0.5384,1.14,4.4,8.47,0.6125,0.9375,0.6321,Average
0.5521,13.9,4.2,0.8604,7.65,2.64,7.14,0.4089,0.2,0.5915,Average
0.7261,10.62,3.14,0.6726,7.42,1.52,7.35,0.9314,0.6,0.6224,Average
0.6505,7.65,3.18,0.7499,7.26,2.96,5.54,0.8573,0.375,0.6049,Average
0.77,9.04,1.64,1.0,7.28,3.71,6.37,0.9078,0.1,0.679,Average
0.6668,10.89,3.34,0.936,8.82,3.57,6.38,0.6816,0.1875,0.6395,Average
0.3684,4.85,1.22,0.9217,7.09,3.01,6.41,0.8152,0.2,0.5134,Average
0.4471,8.41,2.63,1.0,5.61,3.04,6.67,0.5689,0.4615,0.5227,Average
0.557,9.53,3.75,0.7218,5.12,1.96,4.62,0.541,0.6667,0.5851,Average
0.5003,5.42,2.7,1.0,6.44,2.43,8.54,0.5079,1.0,0.6587,Average
0.8163,10.52,3.87,0.838,8.23,1.96,7.83,0.7286,1.0,0.7992,Excel
0.2706,7.01,1.03,0.7536,7.33,5.0,5.74,0.7134,0.875,0.5559,Average
0.7088,10.56,3.09,0.8142,5.71,2.71,6.79,0.5995,0.4286,0.6227,Average
1.0,2.19,2.26,0.7395,3.17,2.64,7.52,0.511,0.6,0.6836,Excel
